Unnamed: 0,League,Team,Name,Age,Market Value,Matches Played,Minutes,Matches Started,Goals Scored,Goals Scored (Per90),Goal Involvement,Goal Involvement (Per90),Expected Goals (xG),Expected Goals (xG) (Per90),Non-Penalty xG (npxG),Goals Conceded,Clean Sheets,Tackles,Tackles (Per90),Interceptions,Interceptions (Per90),Clearances,Clearances (Per90),Shots Blocked,Shots Blocked (Per90),Dribbled Past,Dribbled Past (Per90),Penalties Given Away,Penalties Given Away (Per90),Ground Duels,Ground Duels (Per90),Ground Duels Won,Ground Duels Won (Per90),Aerial Duels Won,Aerial Duels Won (Per90),Assists,Assists (Per90),Expected Assists (xA),Expected Assists (xA) (Per90),Passes,Passes (Per90),Successful Passes,Successful Passes (Per90),Pass Completion Rate,Key Passes,Key Passes (Per90),Crosses,Crosses (Per90),Successful Crosses,Successful Crosses (Per90),Cross Completion Rate,Dribbles,Dribbles (Per90),Successful Dribbles,Successful Dribbles (Per90),Dribble Success Rate,Dispossesed,Dispossesed (Per90),Offsides,Offsides (Per90),Yellow Cards,Red Cards,Total Cards,Total Cards (Per90),Fouls Committed,Fouls Committed (Per90),Fouled Against,Fouled Against (Per90),Annual Salary,Shots Faced,Shots Faced (Per90),Shot Conversion Rate,Shots Taken,Shots Taken (Per90),Shots On Target,Shots On Target (Per90),Shots Off Target,Shots Off Target (Per90),Shot Accuracy,Shots Per Goal Scored,Position,Tactical_Role,Inside Forward_Score,Traditional Winger_Score,Winger_Type,Performance_Score_Raw,Performance_Score,Rank,Value_Norm,Age_Norm,Value_Score,Value_Rank
575,la-liga,FC Barcelona,Lamine Yamal,18,200000000.0,27,2225,25,15,0.61,26,1.05,16.93,0.68,14.83,21,10,37,1.48,9,0.36,5,0.2,0,0.0,8,0.32,0,0.0,407,16.27,216,8.64,0,0.0,11,0.44,11.31,0.45,1336,53.42,1080,43.18,0.8084,70,2.8,78,3.12,19,0.76,0.2435999999999999,238,9.52,130,5.2,0.5462,42,1.68,15,0.6,1,0,1,0.04,27,1.08,51,2.04,27090000.0,85,3.4,12.9,7,1.69,1,0.27,3,0.4,14.29,7.75,Right Winger,Inside Forward,97.26923076923076,79.07692307692308,Right Winger,81.31285524457472,81.31285524457472,1,1.0,0.1,49.31285524457472,1
416,premier-league,Sunderland AFC,Nilson Angulo,22,17000000.0,22,1902,22,6,0.28,11,0.52,6.36,0.3,6.36,23,9,58,2.74,17,0.8,30,1.42,1,0.05,22,1.04,0,0.0,357,16.89,167,7.9,27,1.28,5,0.24,5.84,0.28,693,32.79,552,26.12,0.7965000000000001,47,2.22,102,4.83,20,0.95,0.1961,100,4.73,44,2.08,0.44,43,2.03,11,0.52,4,1,4,0.19,31,1.47,39,1.85,349751.0,67,4.1,33.33,6,0.27,5,0.22,5,0.33,83.33,3.0,Left Winger,Traditional Winger,61.74999999999999,79.40384615384616,Left Winger,54.59521454028783,54.59521454028783,2,0.08454227113556778,0.3,46.05894640622079,2
622,la-liga,Villarreal CF,Hugo López,19,1000000.0,28,1811,21,11,0.55,15,0.75,11.24,0.56,11.24,20,8,11,0.55,4,0.2,26,1.29,3,0.15,3,0.15,0,0.0,232,11.53,89,4.42,31,1.54,4,0.2,3.8,0.19,403,20.03,309,15.36,0.7667,21,1.04,7,0.35,1,0.05,0.1429,69,3.43,36,1.79,0.5217,25,1.24,11,0.55,0,0,0,0.0,35,1.74,12,0.6,15080000.0,67,3.19,0.0,6,0.4,5,0.22,1,0.33,83.33,3.0,Left Winger,Inside Forward,82.84615384615385,25.0,Left Winger,40.116952543104105,40.116952543104105,12,0.004502251125562781,0.15,36.98188500933722,3
133,premier-league,Tottenham Hotspur,Mohammed Kudus,25,55000000.0,19,1546,19,2,0.12,8,0.47,3.03,0.18,3.03,20,7,27,1.57,3,0.17,6,0.35,0,0.0,11,0.64,0,0.0,258,15.02,103,6.0,11,0.64,6,0.35,4.55,0.26,442,25.73,379,22.06,0.8575,24,1.4,122,7.1,30,1.75,0.2459,101,5.88,51,2.97,0.505,56,3.26,10,0.58,3,0,3,0.17,23,1.34,15,0.87,10181388.0,85,3.4,0.0,5,0.67,12,0.66,6,1.04,14.29,7.75,Right Winger,Traditional Winger,53.115384615384606,82.96153846153847,Right Winger,54.133290413492475,54.133290413492475,3,0.27463731865932967,0.45,36.89417085371258,4
316,premier-league,Brighton & Hove Albion,Yankuba Minteh,21,40000000.0,28,1916,21,2,0.09,6,0.28,3.74,0.18,3.74,24,6,40,1.88,13,0.61,13,0.61,0,0.0,16,0.75,0,0.0,270,12.68,127,5.96,12,0.56,4,0.19,4.56,0.21,494,23.19,327,15.35,0.6618999999999999,40,1.88,104,4.88,27,1.27,0.2596,104,4.88,57,2.68,0.5481,29,1.36,10,0.47,2,0,2,0.09,26,1.22,20,0.94,2376400.0,85,3.4,12.9,31,1.69,1,0.11,3,1.04,14.29,5.0,Right Winger,Traditional Winger,55.03846153846153,77.17307692307693,Right Winger,44.66475116010758,44.66475116010758,7,0.19959979989994997,0.25,33.67675716310908,5
651,la-liga,Athletic Bilbao,Álex Berenguer,30,5000000.0,26,1881,22,3,0.14,6,0.29,4.19,0.2,4.19,22,5,24,1.15,13,0.62,16,0.77,0,0.0,19,0.91,0,0.0,266,12.72,108,5.16,30,1.43,3,0.14,4.82,0.23,677,32.38,521,24.91,0.7696,45,2.15,171,8.18,41,1.96,0.2398,54,2.58,20,0.96,0.3704,36,1.72,6,0.29,4,0,4,0.19,22,1.05,38,1.82,3900000.0,123,4.19,0.0,6,0.4,5,0.22,1,0.04,83.33,3.0,Left Winger,Traditional Winger,43.94230769230769,88.07692307692308,Left Winger,48.126241180416166,48.126241180416166,6,0.02451225612806403,0.7,33.390873496574244,6
702,la-liga,Real Betis Balompié,Abde Ezzalzouli,24,30000000.0,22,1654,19,6,0.33,11,0.6,8.16,0.44,8.16,24,5,37,2.01,11,0.6,11,0.6,0,0.0,23,1.25,0,0.0,292,15.89,151,8.22,26,1.41,5,0.27,4.65,0.25,591,32.16,472,25.68,0.7986,20,1.09,46,2.5,6,0.33,0.1304,65,3.54,31,1.69,0.4769,34,1.85,4,0.22,3,0,3,0.16,22,1.2,57,3.1,1825000.0,67,4.19,33.33,6,0.4,1,0.07,5,0.33,83.33,0.0,Left Winger,Inside Forward,76.51923076923077,41.01923076923077,Left Winger,40.811743104889366,40.811743104889366,10,0.14957478739369684,0.4,28.324499483078462,7
731,la-liga,Celta de Vigo,Hugo Álvarez,22,8000000.0,28,1811,21,11,0.55,15,0.75,11.24,0.56,11.24,20,8,11,0.55,4,0.2,26,1.29,3,0.15,3,0.15,0,0.0,232,11.53,89,4.42,31,1.54,4,0.2,3.8,0.19,403,20.03,309,15.36,0.7667,21,1.04,7,0.35,1,0.05,0.1429,69,3.43,36,1.79,0.5217,25,1.24,11,0.55,0,0,0,0.0,35,1.74,12,0.6,15080000.0,85,4.1,33.33,6,0.27,5,0.22,1,0.33,16.67,0.0,Left Winger,Inside Forward,77.07692307692308,25.0,Left Winger,35.289316390149295,35.289316390149295,21,0.03951975987993997,0.3,28.1037235937511,8
45,premier-league,Arsenal FC,Bukayo Saka,24,120000000.0,27,2001,22,6,0.27,10,0.45,8.78,0.39,8.08,14,12,32,1.44,14,0.63,10,0.45,0,0.0,15,0.67,0,0.0,287,12.91,150,6.75,22,0.99,4,0.18,5.7,0.26,677,30.45,523,23.52,0.7725,55,2.47,111,4.99,37,1.66,0.3333,86,3.87,45,2.02,0.5233,31,1.39,14,0.63,1,0,1,0.04,28,1.26,51,2.29,17794400.0,85,3.4,12.9,31,0.78,12,0.66,6,0.4,40.0,7.75,Right Winger,Traditional Winger,80.65384615384616,89.5576923076923,Right Winger,52.3018107687941,52.3018107687941,4,0.599799899949975,0.4,26.30781377029485,9
620,la-liga,Villarreal CF,Alberto Moleiro,22,40000000.0,30,1998,25,9,0.41,13,0.59,8.66,0.39,8.66,22,8,24,1.09,9,0.41,12,0.54,3,0.14,43,1.95,0,0.0,208,9.42,74,3.35,3,0.14,4,0.18,4.44,0.2,603,27.3,458,20.73,0.7595000000000001,30,1.36,20,0.91,7,0.32,0.35,49,2.22,26,1.18,0.5306000000000001,22,1.0,3,0.14,3,0,3,0.14,29,1.31,22,1.0,3900000.0,123,3.4,33.33,6,0.4,1,0.22,5,0.33,83.33,0.0,Left Winger,Inside Forward,72.07692307692307,38.05769230769231,Left Winger,38.22924171229475,38.22924171229475,15,0.19959979989994997,0.3,26.241247715296254,10
366,premier-league,Everton FC,Jack Grealish,30,25000000.0,20,1632,18,2,0.11,8,0.44,3.05,0.17,3.05,23,8,21,1.16,11,0.61,11,0.61,5,0.28,10,0.55,0,0.0,211,11.63,107,5.9,5,0.28,6,0.33,5.99,0.33,564,31.08,474,26.12,0.8404,40,2.2,40,2.2,11,0.61,0.275,58,3.2,24,1.32,0.4138,30,1.65,0,0.0,5,1,5,0.28,13,0.72,58,3.2,16965000.0,106,3.19,33.33,6,0.27,5,0.22,5,0.33,83.33,3.0,Left Winger,Traditional Winger,35.03846153846154,68.84615384615384,Left Winger,43.50631819130807,43.50631819130807,8,0.12456228114057029,0.7,25.76944975709096,11
962,la-liga,Elche CF,Germán Valera,24,6000000.0,30,2401,28,4,0.15,8,0.3,4.15,0.16,4.15,39,7,47,1.76,16,0.6,40,1.5,8,0.3,9,0.34,0,0.0,258,9.67,148,5.55,11,0.41,4,0.15,5.9,0.22,997,37.37,879,32.95,0.8815999999999999,38,1.42,83,3.11,22,0.82,0.2651,66,2.47,32,1.2,0.4847999999999999,24,0.9,4,0.15,3,0,3,0.11,30,1.12,61,2.29,840000.0,67,4.19,33.33,6,0.27,1,0.22,5,0.33,83.33,3.0,Left Winger,Traditional Winger,36.019230769230774,65.3076923076923,Left Winger,34.51563727722705,34.51563727722705,26,0.029514757378689346,0.4,25.630194555866368,12
210,premier-league,Nottingham Forest,Callum Hudson-Odoi,25,30000000.0,30,1849,21,3,0.15,7,0.34,4.08,0.2,4.08,26,8,16,0.78,8,0.39,14,0.68,2,0.1,10,0.49,0,0.0,132,6.43,59,2.87,4,0.19,4,0.19,5.08,0.25,653,31.78,585,28.47,0.8959,44,2.14,91,4.43,14,0.68,0.1538,58,2.82,31,1.51,0.5345,20,0.97,2,0.1,0,0,0,0.0,12,0.58,12,0.58,6786000.0,67,2.34,33.33,6,0.4,5,0.07,5,0.33,16.67,0.0,Left Winger,Traditional Winger,48.84615384615384,67.76923076923077,Left Winger,38.666394264166264,38.666394264166264,14,0.14957478739369684,0.45,25.17915064235536,13
78,premier-league,Chelsea FC,Pedro Neto,26,60000000.0,30,2307,26,5,0.2,9,0.35,5.79,0.23,5.79,25,9,15,0.59,6,0.23,11,0.43,0,0.0,19,0.74,0,0.0,205,8.0,80,3.12,6,0.23,4,0.16,5.66,0.22,811,31.64,706,27.54,0.8704999999999999,48,1.87,164,6.4,32,1.25,0.1951,85,3.32,38,1.48,0.4471,24,0.94,6,0.23,4,1,4,0.16,14,0.55,22,0.86,12064000.0,85,3.4,12.9,7,1.69,2,0.11,6,0.35,14.29,5.0,Right Winger,Traditional Winger,64.84615384615384,77.55769230769232,Right Winger,41.022207667097,41.022207667097,9,0.29964982491245623,0.5,22.03271291972331,14
787,la-liga,Girona FC,Viktor Tsygankov,28,15000000.0,25,2022,24,5,0.22,9,0.4,5.77,0.26,5.77,26,5,26,1.16,17,0.76,28,1.25,3,0.13,14,0.62,0,0.0,196,8.72,95,4.23,23,1.02,4,0.18,5.02,0.22,780,34.72,646,28.75,0.8281999999999999,39,1.74,89,3.96,20,0.89,0.2246999999999999,44,1.96,20,0.89,0.4545,20,0.89,2,0.09,2,0,2,0.09,16,0.71,29,1.29,3375000.0,85,3.4,0.0,7,0.67,12,0.11,3,0.35,40.0,0.0,Right Winger,Traditional Winger,58.11538461538463,70.17307692307693,Right Winger,35.316135516793636,35.316135516793636,20,0.07453726863431716,0.6,21.08001745776412,15
181,premier-league,Newcastle United,Anthony Gordon,25,60000000.0,26,1814,24,6,0.3,8,0.4,7.39,0.37,5.29,26,5,18,0.89,3,0.15,13,0.64,0,0.0,10,0.5,0,0.0,206,10.21,98,4.86,9,0.45,2,0.1,2.91,0.14,513,25.44,419,20.78,0.8168000000000001,25,1.24,69,3.42,16,0.79,0.2319,64,3.17,31,1.54,0.4844,29,1.44,5,0.25,4,1,5,0.25,13,0.64,40,1.98,10254400.0,123,4.1,33.33,6,0.4,5,0.22,1,0.04,83.33,3.0,Left Winger,Inside Forward,71.73076923076923,54.96153846153846,Left Winger,38.735591381323424,38.735591381323424,13,0.29964982491245623,0.45,20.746096633949737,16
677,la-liga,Real Sociedad,Gonçalo Guedes,29,6000000.0,31,1819,22,8,0.4,12,0.59,8.35,0.41,8.35,22,3,25,1.24,4,0.2,6,0.3,0,0.0,24,1.19,0,0.0,188,9.3,86,4.26,11,0.54,4,0.2,4.13,0.2,557,27.56,418,20.68,0.7504000000000001,25,1.24,70,3.46,17,0.84,0.2429,39,1.93,17,0.84,0.4359,23,1.14,13,0.64,3,0,3,0.15,18,0.89,33,1.63,5200000.0,85,2.34,33.33,6,0.4,5,0.07,1,0.04,16.67,3.0,Left Winger,Inside Forward,70.40384615384615,62.36538461538461,Left Winger,34.346248480012044,34.346248480012044,27,0.029514757378689346,0.65,20.46080575865136,17
704,la-liga,Real Betis Balompié,Antony,26,40000000.0,26,1986,24,7,0.32,12,0.54,9.75,0.44,9.75,30,7,27,1.22,18,0.82,16,0.73,1,0.05,19,0.86,0,0.0,178,8.07,87,3.94,6,0.27,5,0.23,6.23,0.28,946,42.87,772,34.98,0.8161,45,2.04,56,2.54,14,0.63,0.25,41,1.86,17,0.77,0.4146,23,1.04,1,0.05,6,1,7,0.32,14,0.63,37,1.68,6250000.0,85,3.4,12.9,7,0.78,1,0.66,6,0.35,14.29,0.0,Right Winger,Inside Forward,76.96153846153845,66.88461538461539,Right Winger,36.445358192572726,36.445358192572726,17,0.19959979989994997,0.5,20.45736419557423,18
760,la-liga,Valencia CF,Luis Rioja,32,2000000.0,30,2113,25,2,0.09,7,0.3,3.45,0.15,3.45,30,8,28,1.19,15,0.64,27,1.15,0,0.0,25,1.06,0,0.0,185,7.87,88,3.74,3,0.13,5,0.21,5.29,0.23,692,29.45,549,23.36,0.7934,32,1.36,132,5.62,32,1.36,0.2423999999999999,56,2.38,31,1.32,0.5536,23,0.98,5,0.21,1,0,1,0.04,9,0.38,27,1.15,1300000.0,85,3.4,12.9,7,0.67,1,0.06,6,1.04,40.0,0.0,Right Winger,Traditional Winger,42.11538461538461,76.96153846153847,Right Winger,35.97272723636604,35.97272723636604,19,0.009504752376188095,0.8,19.6875846650804,19
106,premier-league,Liverpool FC,Mohamed Salah,33,30000000.0,23,1910,20,6,0.28,12,0.57,7.68,0.36,6.98,26,7,16,0.75,3,0.14,6,0.28,1,0.05,8,0.38,0,0.0,167,7.87,51,2.4,8,0.38,6,0.28,6.31,0.3,683,32.18,515,24.27,0.754,47,2.21,101,4.76,16,0.75,0.1583999999999999,62,2.92,13,0.61,0.2097,35,1.65,13,0.61,1,0,1,0.05,10,0.47,16,0.75,30160000.0,85,3.4,0.0,7,0.67,1,0.27,19,0.67,14.29,7.75,Right Winger,Traditional Winger,68.34615384615384,74.28846153846153,Right Winger,40.76243367718898,40.76243367718898,11,0.14957478739369684,0.85,19.275190055378076,20
442,premier-league,West Ham United,Crysencio Summerville,24,30000000.0,25,1945,23,5,0.23,6,0.28,6.44,0.3,6.44,32,5,33,1.53,13,0.6,26,1.2,3,0.14,10,0.46,0,0.0,246,11.38,122,5.64,6,0.28,1,0.05,2.12,0.1,494,22.85,416,19.24,0.8421,21,0.97,44,2.03,10,0.46,0.2273,74,3.42,35,1.62,0.473,28,1.29,5,0.23,4,0,4,0.19,40,1.85,50,2.31,2673450.0,67,4.0,0.0,6,0.4,5,0.22,5,0.33,83.33,0.0,Left Winger,Inside Forward,61.86538461538461,30.07692307692308,Left Winger,31.57156429235738,31.57156429235738,30,0.14957478739369684,0.4,19.084320670546475,21
837,la-liga,RCD Espanyol Barcelona,Tyrhys Dolan,24,10000000.0,30,2039,24,1,0.04,5,0.22,2.51,0.11,2.51,31,7,49,2.16,15,0.66,13,0.57,1,0.04,19,0.84,0,0.0,263,11.61,130,5.74,11,0.49,4,0.18,4.22,0.19,491,21.67,412,18.19,0.8391,27,1.19,91,4.02,20,0.88,0.2198,73,3.22,30,1.32,0.411,31,1.37,5,0.22,6,1,6,0.26,30,1.32,41,1.81,1825000.0,85,3.4,0.0,5,0.67,1,0.66,6,0.4,14.29,7.75,Right Winger,Traditional Winger,35.48076923076923,61.50000000000001,Right Winger,28.37425579678439,28.37425579678439,36,0.04952476238119059,0.4,18.88851292534867,22
444,premier-league,West Ham United,Jarrod Bowen,29,35000000.0,32,2871,32,8,0.25,16,0.5,10.04,0.31,9.34,50,5,42,1.32,23,0.72,34,1.07,6,0.19,23,0.72,0,0.0,364,11.41,160,5.02,26,0.82,8,0.25,6.92,0.22,672,21.07,500,15.67,0.7440000000000001,35,1.1,114,3.57,19,0.6,0.1667,102,3.2,48,1.5,0.4706,68,2.13,17,0.53,4,0,4,0.13,17,0.53,45,1.41,8911500.0,85,3.4,0.0,7,0.4,2,0.06,19,0.35,38.71,0.0,Right Winger,Inside Forward,63.38461538461539,52.9423076923077,Right Winger,36.98443453587178,36.98443453587178,16,0.1745872936468234,0.65,18.746815726467077,23
549,la-liga,Real Madrid,Vinicius Junior,25,150000000.0,30,2304,26,11,0.43,16,0.63,13.63,0.53,10.13,22,10,29,1.13,2,0.08,2,0.08,0,0.0,11,0.43,0,0.0,341,13.32,171,6.68,1,0.04,5,0.2,6.36,0.25,934,36.48,779,30.43,0.8340000000000001,53,2.07,57,2.23,8,0.31,0.1404,166,6.48,75,2.93,0.4518,38,1.48,12,0.47,7,0,7,0.27,28,1.09,67,2.62,25000000.0,85,2.34,33.33,6,0.27,1,0.07,5,0.04,16.67,3.0,Left Winger,Inside Forward,76.34615384615383,47.65384615384616,Left Winger,50.06141622237369,50.06141622237369,5,0.7498749374687343,0.45,18.565168098311656,24
392,premier-league,Fulham FC,Harry Wilson,29,25000000.0,30,2359,28,10,0.38,16,0.61,11.15,0.43,11.15,33,6,25,0.95,14,0.53,41,1.56,3,0.11,19,0.72,0,0.0,148,5.65,73,2.79,4,0.15,6,0.23,5.87,0.22,665,25.37,539,20.56,0.8105,33,1.26,103,3.93,29,1.11,0.2816,26,0.99,14,0.53,0.5385,18,0.69,11,0.42,6,0,6,0.23,11,0.42,32,1.22,4147000.0,85,3.4,0.0,5,0.67,2,0.06,6,0.35,38.71,7.75,Right Winger,Inside Forward / Traditional Winger,72.73076923076923,71.32692307692308,Right Winger,35.13368554405104,35.13368554405104,22,0.12456228114057029,0.65,18.396817109833933,25
888,la-liga,CA Osasuna,Rubén García,32,1800000.0,28,1786,22,2,0.1,7,0.35,2.74,0.14,2.74,21,7,44,2.22,13,0.65,20,1.01,1,0.05,25,1.26,0,0.0,208,10.48,91,4.58,18,0.91,5,0.25,5.32,0.27,681,34.3,544,27.4,0.7988,35,1.76,119,5.99,41,2.06,0.3445,24,1.21,8,0.4,0.3333,17,0.86,1,0.05,5,0,5,0.25,28,1.41,22,1.11,2350000.0,85,3.4,20.0,7,0.4,1,0.66,19,1.04,14.29,5.0,Right Winger,Traditional Winger,28.807692307692307,88.61538461538463,Right Winger,34.58360495930963,34.58360495930963,25,0.008504252126063032,0.8,18.32847739552774,26
44,premier-league,Arsenal FC,Leandro Trossard,31,20000000.0,27,1721,18,5,0.26,10,0.52,5.94,0.31,5.94,12,12,23,1.2,8,0.42,12,0.63,3,0.16,14,0.73,0,0.0,176,9.18,80,4.17,5,0.26,5,0.26,5.09,0.27,643,33.55,489,25.51,0.7605,31,1.62,53,2.77,12,0.63,0.2264,47,2.45,18,0.94,0.3829999999999999,33,1.72,4,0.21,1,0,1,0.05,13,0.68,34,1.77,6786000.0,123,4.19,33.33,6,0.4,1,0.22,5,0.04,16.67,3.0,Left Winger,Traditional Winger / Inside Forward,60.09615384615385,62.76923076923077,Left Winger,34.98756062845582,34.98756062845582,23,0.09954977488744372,0.75,17.001067381832506,27
518,premier-league,Burnley FC,Jaidon Anthony,26,18000000.0,31,2213,26,7,0.28,8,0.33,8.07,0.33,8.07,43,4,36,1.46,14,0.57,24,0.98,8,0.33,24,0.98,1,0.04,265,10.78,116,4.72,11,0.45,1,0.04,2.95,0.12,694,28.22,551,22.41,0.7939,32,1.3,61,2.48,12,0.49,0.1967,82,3.33,33,1.34,0.4024,40,1.63,8,0.33,4,0,4,0.16,22,0.89,39,1.59,3393000.0,75,4.0,33.33,6,0.4,5,0.07,5,0.04,16.67,3.0,Left Winger,Inside Forward,67.40384615384616,37.55769230769231,Left Winger,29.458555535251534,29.458555535251534,34,0.0895447723861931,0.5,16.77221236366574,28
863,la-liga,Rayo Vallecano,Álvaro García,33,1800000.0,30,2039,22,4,0.18,9,0.4,6.26,0.27,6.26,26,9,28,1.22,14,0.61,28,1.22,2,0.09,16,0.7,0,0.0,141,6.15,56,2.44,13,0.57,5,0.22,5.22,0.23,515,22.48,353,15.41,0.6854,41,1.79,89,3.88,15,0.65,0.1685,16,0.7,4,0.17,0.25,10,0.44,14,0.61,3,0,3,0.13,18,0.79,12,0.52,2600000.0,67,3.4,0.0,6,0.4,1,0.07,1,0.33,83.33,0.0,Left Winger,Traditional Winger,46.59615384615384,63.53846153846155,Left Winger,33.034995462530475,33.034995462530475,28,0.008504252126063032,0.85,15.779867898748584,29
157,premier-league,Manchester United,Amad Diallo,23,50000000.0,25,1921,22,2,0.09,4,0.19,4.69,0.22,4.69,24,4,33,1.55,13,0.61,26,1.22,1,0.05,15,0.7,0,0.0,212,9.93,109,5.11,9,0.42,2,0.09,4.17,0.2,780,36.54,689,32.28,0.8833,38,1.78,40,1.87,11,0.52,0.275,66,3.09,35,1.64,0.5303,23,1.08,11,0.52,2,0,2,0.09,18,0.84,33,1.55,7129200.0,85,3.4,12.9,5,0.4,2,0.06,19,0.4,14.29,7.75,Right Winger,Traditional Winger / Inside Forward,46.192307692307686,50.5,Right Winger,29.91589566219844,29.91589566219844,32,0.2496248124062031,0.35,15.427151290012347,30
865,la-liga,Rayo Vallecano,Jorge de Frutos,29,12000000.0,29,2067,27,10,0.44,11,0.48,10.27,0.45,9.57,22,9,24,1.04,7,0.3,12,0.52,0,0.0,16,0.7,0,0.0,216,9.4,90,3.92,14,0.61,1,0.04,2.13,0.09,319,13.89,249,10.84,0.7806000000000001,25,1.09,34,1.48,9,0.39,0.2647,43,1.87,21,0.91,0.4884,32,1.39,16,0.7,3,0,3,0.13,31,1.35,32,1.39,2350000.0,85,3.4,0.0,7,0.78,1,0.66,19,0.67,38.71,5.0,Right Winger,Inside Forward,82.17307692307692,26.98076923076923,Right Winger,29.651977025021075,29.651977025021075,33,0.05952976488244122,0.65,14.86608407854784,31
156,premier-league,Manchester United,Bryan Mbeumo,26,80000000.0,26,2199,26,9,0.37,12,0.49,10.54,0.43,10.54,29,4,22,0.9,6,0.25,13,0.53,1,0.04,12,0.49,0,0.0,225,9.2,72,2.95,12,0.49,3,0.12,4.7,0.19,693,28.35,547,22.38,0.7893000000000001,41,1.68,88,3.6,31,1.27,0.3522999999999999,46,1.88,13,0.53,0.2826,26,1.06,7,0.29,4,0,4,0.16,20,0.82,26,1.06,12064000.0,85,3.4,20.0,31,0.67,1,0.06,6,0.4,40.0,0.0,Right Winger,Traditional Winger / Inside Forward,72.38461538461537,72.92307692307693,Right Winger,36.334357693839706,36.334357693839706,18,0.3996998499249625,0.5,14.34336219609083,32
369,premier-league,Everton FC,Iliman Ndiaye,26,50000000.0,26,2249,26,6,0.24,9,0.36,6.39,0.26,4.99,30,8,58,2.32,13,0.52,17,0.68,2,0.08,21,0.84,0,0.0,330,13.21,153,6.12,10,0.4,3,0.12,3.9,0.16,784,31.37,658,26.33,0.8393,25,1.0,44,1.76,7,0.28,0.1591,102,4.08,53,2.12,0.5196000000000001,53,2.12,9,0.36,2,0,2,0.08,26,1.04,32,1.28,3393000.0,85,3.4,0.0,31,1.69,1,0.11,6,0.35,14.29,0.0,Right Winger,Inside Forward,71.28846153846153,28.365384615384613,Right Winger,31.448485972838352,31.448485972838352,31,0.2496248124062031,0.5,13.959741600652258,33
24,premier-league,Manchester City,Antoine Semenyo,26,75000000.0,30,2681,30,15,0.5,19,0.64,15.37,0.52,13.97,43,9,40,1.34,8,0.27,27,0.91,5,0.17,17,0.57,1,0.03,379,12.72,152,5.1,53,1.78,4,0.13,4.9,0.16,747,25.07,592,19.87,0.7925,35,1.17,39,1.31,5,0.17,0.1282,93,3.12,38,1.28,0.4086,55,1.85,18,0.6,7,0,7,0.23,48,1.61,21,0.7,5655000.0,85,3.4,0.0,31,0.78,1,0.27,3,0.35,40.0,0.0,Right Winger,Inside Forward,86.38461538461537,28.192307692307693,Right Winger,34.66860923752045,34.66860923752045,24,0.3746873436718359,0.5,13.42798892736537,34
104,premier-league,Liverpool FC,Cody Gakpo,26,65000000.0,30,2244,26,6,0.24,10,0.4,8.19,0.33,8.19,27,9,27,1.08,10,0.4,18,0.72,3,0.12,10,0.4,0,0.0,259,10.39,132,5.29,40,1.6,4,0.16,4.96,0.2,650,26.07,516,20.7,0.7938,44,1.76,84,3.37,11,0.44,0.131,53,2.13,26,1.04,0.4906,20,0.8,22,0.88,2,0,2,0.08,35,1.4,40,1.6,18850000.0,106,4.19,0.0,6,0.27,1,0.22,1,0.04,16.67,0.0,Left Winger,Inside Forward,55.230769230769226,46.596153846153854,Left Winger,32.27912622416918,32.27912622416918,29,0.3246623311655828,0.5,12.539256289201699,35
623,la-liga,Villarreal CF,Tajon Buchanan,27,12000000.0,29,1623,18,6,0.33,7,0.39,5.54,0.31,5.54,13,7,24,1.33,23,1.28,15,0.83,2,0.11,16,0.89,0,0.0,188,10.43,80,4.44,2,0.11,1,0.06,1.86,0.1,413,22.92,334,18.53,0.8087000000000001,16,0.89,28,1.55,3,0.17,0.1071,62,3.44,20,1.11,0.3226,23,1.28,8,0.44,8,0,8,0.44,18,1.0,34,1.89,3900000.0,85,3.4,20.0,7,1.69,1,0.06,3,0.4,40.0,5.0,Right Winger,Inside Forward,75.75,18.461538461538463,Right Winger,25.207857678798806,25.207857678798806,41,0.05952976488244122,0.55,12.42196473232557,36
758,la-liga,Valencia CF,Arnaut Danjuma,29,4000000.0,28,1580,18,3,0.17,5,0.28,4.46,0.25,3.76,24,6,11,0.63,1,0.06,6,0.34,1,0.06,6,0.34,0,0.0,150,8.54,65,3.7,8,0.46,2,0.11,2.36,0.13,374,21.3,290,16.52,0.7754000000000001,15,0.85,45,2.56,14,0.8,0.3111,58,3.3,25,1.42,0.431,15,0.85,5,0.28,0,0,0,0.0,21,1.2,22,1.25,2350000.0,83,4.0,33.33,6,0.4,5,0.22,5,0.33,16.67,0.0,Left Winger,Inside Forward / Traditional Winger,52.99999999999999,48.94230769230769,Left Winger,25.95731848290655,25.95731848290655,39,0.01950975487743872,0.65,12.37202583658339,37
1015,la-liga,Real Oviedo,Ilyas Chaira,25,4000000.0,29,1939,24,4,0.19,6,0.28,7.49,0.35,7.49,26,9,40,1.86,5,0.23,10,0.46,4,0.19,22,1.02,0,0.0,286,13.27,102,4.73,15,0.7,2,0.09,2.73,0.13,529,24.55,443,20.56,0.8373999999999999,14,0.65,55,2.55,9,0.42,0.1636,84,3.9,24,1.11,0.2857,31,1.44,16,0.74,3,1,4,0.19,47,2.18,25,1.16,1175000.0,67,3.19,33.33,6,0.4,1,0.22,5,0.33,16.67,3.0,Left Winger,Inside Forward,60.826923076923066,28.57692307692308,Left Winger,21.83160500002668,21.83160500002668,45,0.01950975487743872,0.45,12.24631235370352,38
836,la-liga,RCD Espanyol Barcelona,Pere Milla,33,1200000.0,27,1664,21,6,0.32,6,0.32,7.41,0.4,7.41,20,7,29,1.57,14,0.76,12,0.65,3,0.16,29,1.57,0,0.0,190,10.28,85,4.6,23,1.24,0,0.0,2.13,0.12,445,24.07,327,17.69,0.7348,30,1.62,30,1.62,6,0.32,0.2,17,0.92,7,0.38,0.4118,25,1.35,9,0.49,6,1,7,0.38,22,1.19,31,1.68,1562500.0,123,2.34,33.33,6,0.27,1,0.07,1,0.33,83.33,3.0,Left Winger,Inside Forward,58.21153846153846,32.90384615384615,Left Winger,29.137410360135156,29.137410360135156,35,0.005502751375687844,0.85,11.972327818864521,39
389,premier-league,Fulham FC,Kevin,23,30000000.0,29,2306,27,7,0.27,10,0.39,8.41,0.33,7.71,27,8,36,1.41,19,0.74,27,1.05,4,0.16,8,0.31,0,0.0,353,13.78,163,6.36,70,2.73,3,0.12,3.47,0.14,453,17.68,309,12.06,0.6820999999999999,27,1.05,18,0.7,4,0.16,0.2221999999999999,58,2.26,20,0.78,0.3448,42,1.64,10,0.39,7,1,8,0.31,41,1.6,37,1.44,754000.0,106,2.34,0.0,6,0.27,5,0.22,5,0.04,16.67,0.0,Left Winger,Inside Forward,55.05769230769231,24.365384615384617,Left Winger,23.084571468209532,23.084571468209532,43,0.14957478739369684,0.35,11.597327846398628,40
182,premier-league,Newcastle United,Harvey Barnes,28,32000000.0,31,1677,17,5,0.27,5,0.27,7.03,0.38,7.03,23,8,13,0.7,3,0.16,15,0.81,1,0.05,9,0.48,0,0.0,125,6.71,47,2.52,4,0.21,0,0.0,1.6,0.09,490,26.3,390,20.93,0.7959,20,1.07,68,3.65,14,0.75,0.2059,37,1.99,10,0.54,0.2703,21,1.13,3,0.16,1,0,1,0.05,15,0.81,20,1.07,6032000.0,85,4.19,33.33,6,0.4,1,0.22,1,0.04,83.33,0.0,Left Winger,Inside Forward,61.49999999999999,46.1923076923077,Left Winger,28.3570366386176,28.3570366386176,37,0.15957978989494748,0.6,11.569642941769175,41
390,premier-league,Fulham FC,Alex Iwobi,29,25000000.0,26,2236,26,4,0.16,7,0.28,4.71,0.19,4.71,37,4,22,0.89,14,0.56,16,0.64,3,0.12,8,0.32,0,0.0,122,4.91,54,2.17,7,0.28,3,0.12,5.21,0.21,1278,51.44,1087,43.75,0.8504999999999999,38,1.53,81,3.26,29,1.17,0.358,41,1.65,16,0.64,0.3902,21,0.85,1,0.04,3,0,3,0.12,7,0.28,10,0.4,6032000.0,67,4.19,0.0,6,0.4,5,0.07,5,0.33,16.67,0.0,Left Winger,Traditional Winger,40.96153846153846,72.88461538461539,Left Winger,28.165701009884963,28.165701009884963,38,0.12456228114057029,0.65,11.428832575667855,42
706,la-liga,Real Betis Balompié,Aitor Ruibal,30,4000000.0,25,1647,18,4,0.22,6,0.33,4.74,0.26,4.74,18,9,37,2.02,18,0.98,37,2.02,4,0.22,24,1.31,1,0.05,174,9.51,81,4.43,7,0.38,2,0.11,3.0,0.16,641,35.03,528,28.85,0.8237000000000001,20,1.09,30,1.64,10,0.55,0.3333,28,1.53,13,0.71,0.4643,19,1.04,0,0.0,4,0,4,0.22,28,1.53,25,1.37,2075000.0,85,3.4,12.9,31,1.69,12,0.66,19,1.04,38.71,7.75,Right Winger,Inside Forward,61.25000000000001,42.80769230769231,Right Winger,25.286624168648018,25.286624168648018,40,0.01950975487743872,0.7,10.701331522324857,43
759,la-liga,Valencia CF,Diego López,23,12000000.0,29,2033,24,5,0.22,6,0.27,5.94,0.26,5.94,23,7,76,3.36,17,0.75,28,1.24,3,0.13,24,1.06,1,0.04,302,13.36,153,6.77,50,2.21,1,0.04,2.38,0.11,704,31.14,557,24.63,0.7912,21,0.93,22,0.97,6,0.27,0.2727,38,1.68,18,0.8,0.4736999999999999,25,1.11,1,0.04,9,0,9,0.4,47,2.08,10,0.44,1300000.0,85,3.4,0.0,5,1.69,1,0.06,6,1.04,14.29,5.0,Right Winger,Inside Forward,62.46153846153847,22.634615384615387,Right Winger,19.426138022493223,19.426138022493223,46,0.05952976488244122,0.35,10.640245076019987,44
342,premier-league,Brentford FC,Kevin Schade,24,35000000.0,29,2306,27,7,0.27,10,0.39,8.41,0.33,7.71,27,8,36,1.41,19,0.74,27,1.05,4,0.16,8,0.31,0,0.0,353,13.78,163,6.36,70,2.73,3,0.12,3.47,0.14,453,17.68,309,12.06,0.6820999999999999,27,1.05,18,0.7,4,0.16,0.2221999999999999,58,2.26,20,0.78,0.3448,42,1.64,10,0.39,7,1,8,0.31,41,1.6,37,1.44,754000.0,67,4.19,33.33,6,0.4,1,0.07,1,0.33,16.67,0.0,Left Winger,Inside Forward,60.82692307692308,24.365384615384617,Left Winger,23.084571468209532,23.084571468209532,43,0.1745872936468234,0.4,9.846952658804831,45
653,la-liga,Athletic Bilbao,Iñaki Williams,31,10000000.0,23,1668,19,2,0.11,6,0.32,4.48,0.24,3.78,22,2,8,0.43,4,0.22,9,0.49,1,0.05,8,0.43,0,0.0,173,9.33,61,3.29,22,1.19,4,0.22,3.52,0.19,389,20.99,275,14.84,0.7069,17,0.92,54,2.91,6,0.32,0.1110999999999999,49,2.64,12,0.65,0.2448999999999999,24,1.29,6,0.32,1,0,1,0.05,20,1.08,21,1.13,14250000.0,85,3.4,12.9,5,0.78,1,0.06,6,0.67,38.71,7.75,Right Winger,Inside Forward,50.36538461538461,31.634615384615383,Right Winger,23.46081618893127,23.46081618893127,42,0.04952476238119059,0.75,6.97507331749555,46
965,la-liga,Elche CF,Yago Santiago,22,1000000.0,23,2013,22,2,0.09,3,0.13,1.85,0.08,1.85,33,4,40,1.79,21,0.94,89,3.98,14,0.63,9,0.4,0,0.0,153,6.84,85,3.8,36,1.61,1,0.04,2.27,0.1,883,39.48,772,34.52,0.8743000000000001,7,0.31,5,0.22,2,0.09,0.4,1,0.04,0,0.0,0.0,4,0.18,1,0.04,4,0,4,0.18,21,0.94,9,0.4,3016000.0,67,4.19,33.33,6,0.27,5,0.22,1,0.04,83.33,3.0,Left Winger,Inside Forward / Traditional Winger,14.96153846153846,12.711538461538463,Left Winger,10.957305664707896,10.957305664707896,47,0.004502251125562781,0.3,4.822238130941011,47
47,premier-league,Arsenal FC,Max Dowman,16,20000000.0,21,1557,17,0,0.0,0,0.0,0.44,0.03,0.44,32,1,16,0.92,7,0.4,110,6.35,23,1.33,6,0.35,2,0.12,128,7.39,67,3.87,45,2.6,0,0.0,1.17,0.07,678,39.17,595,34.37,0.8776,4,0.23,3,0.17,1,0.06,0.3333,5,0.29,4,0.23,0.8,6,0.35,0,0.0,4,0,4,0.23,16,0.92,2,0.12,5941000.0,85,3.4,0.0,7,0.4,1,0.06,6,0.35,14.29,0.0,Right Winger,Inside Forward / Traditional Winger,13.711538461538462,8.865384615384617,Right Winger,2.9291326207278416,2.9291326207278416,48,0.09954977488744372,0.0,0.0,48
967,la-liga,Elche CF,Josan,36,100000.0,25,2250,25,0,0.0,0,0.0,0.0,0.0,0.0,17,12,4,0.16,0,0.0,34,1.36,0,0.0,0,0.0,0,0.0,19,0.76,17,0.68,7,0.28,0,0.0,1.54,0.06,729,29.16,655,26.2,0.8985,0,0.0,0,0.0,0,0.0,0.0,1,0.04,1,0.04,1.0,1,0.04,0,0.0,1,0,1,0.04,0,0.0,4,0.16,7812500.0,85,3.4,20.0,31,0.67,2,0.27,6,0.35,40.0,0.0,Right Winger,Inside Forward,18.48076923076924,4.288461538461539,Right Winger,0.0,0.0,49,0.0,1.0,0.0,48
